collarId,depth,angle1,angle2,unit
125471,0.0,88.80724483133164,-60.88806766373972,b'nan'
125471,40.0,88.82952633125625,-62.12900278409155,b'nan'
