collarId,depth,angle1,angle2,unit
125471,0.0,88.61588393593722,-60.85136182347799,b'nan'
125471,40.0,88.6742523820437,-60.86958981807997,b'nan'
