collarId,depth,angle1,angle2,unit
125471,0.0,89.46382165748301,-60.84669223444133,b'nan'
125471,40.0,89.82100169424477,-60.730355266685514,b'nan'
