collarId,depth,angle1,angle2,unit
125471,0.0,88.82401805670519,-62.137067239154185,b'nan'
125471,40.0,89.44497679154902,-60.89515602597609,b'nan'
