collarId,depth,angle1,angle2,unit
125471,0.0,89.51276700693955,-60.08208869924879,b'nan'
125471,40.0,88.57691514018319,-60.15239648047128,b'nan'
